Position,Company,Location,URL
2023년도 코레일유통(주) 신입 및 경력사원의 전체 세부 정보,코레일유통,대한민국,https://kr.indeed.com/rc/clk?jk=3972ad62759eaa76&fccid=7b4cfb8602dc1a92&vjs=3
각 부문별의 전체 세부 정보,무신사,서울 성동구,https://kr.indeed.com/rc/clk?jk=7d60f413465a876f&fccid=a21230b40394711d&vjs=3
2023년 신협중앙회 신입직원(일반직군 및 IT직군)의 전체 세부 정보,신협,대한민국,https://kr.indeed.com/rc/clk?jk=0ad740ff339e5594&fccid=662a4db2e55c0fb6&vjs=3
Software Development Engineer의 전체 세부 정보,Amazon Web Services Korea LLC,서울,https://kr.indeed.com/rc/clk?jk=b29cfca44ac7bc89&fccid=fe2d21eef233e94a&vjs=3
웹프로그래머 신입직원의 전체 세부 정보,헤이븐솔루션,서울 강남구,https://kr.indeed.com/rc/clk?jk=af9585594a0654c3&fccid=d30edfb91d151904&vjs=3
라인프렌즈 2022년 각 부문 수시의 전체 세부 정보,라인프렌즈,서울 용산구,https://kr.indeed.com/rc/clk?jk=1015284880e2ff62&fccid=b6f22bcb6078a2c4&vjs=3
경영관리(IT)의 전체 세부 정보,KDB인프라자산운용,서울 영등포구,https://kr.indeed.com/rc/clk?jk=c1e1a1533393541c&fccid=9ee04e4211b22933&vjs=3
[JAVA/JSP/SPRING]웹프로그래머 신입 및 경력 개발자의 전체 세부 정보,엠넷소프트,서울 금천구,https://kr.indeed.com/rc/clk?jk=2eebb8df98d55d85&fccid=a2d2f63a3036d053&vjs=3
서버 개발자 (산업기능요원)의 전체 세부 정보,힐링페이퍼,서울 강남구,https://kr.indeed.com/rc/clk?jk=48d50d021a519c19&fccid=674cf8ae9dea63c2&vjs=3
[위메프서비스] 서비스 백엔드 주니어 개발자의 전체 세부 정보,위메프,대한민국,https://kr.indeed.com/rc/clk?jk=4bbe98923e49db2e&fccid=2f8799a5ef214646&vjs=3
[신입/경력] 프로그램 개발자(java  c#)의 전체 세부 정보,비앤지시스템,서울 금천구,https://kr.indeed.com/rc/clk?jk=09a715d6581d0aff&fccid=7f676f00d5ab5dd0&vjs=3
솔루션 웹 개발자 (JAVA)의 전체 세부 정보,그리드원,서울 서초구,https://kr.indeed.com/rc/clk?jk=e0efcf9322905e69&fccid=01bda093d4cc780f&vjs=3
[더케이교직원나라(주)] 2022년도 하반기 직원의 전체 세부 정보,더케이교직원나라,서울 종로구,https://kr.indeed.com/rc/clk?jk=db8be78a0ea2fc96&fccid=cc9be4d8b34613d1&vjs=3
[NICE디앤비] 2022년도 하반기 경력직 수시의 전체 세부 정보,나이스디앤비,서울 마포구,https://kr.indeed.com/rc/clk?jk=cc18069ec6f85cf8&fccid=17d1a050403f5d30&vjs=3
[KIS정보통신] 2022년 정규직(신입/경력) 공개의 전체 세부 정보,KIS정보통신,서울 구로구,https://kr.indeed.com/rc/clk?jk=4a6757cfc282ab07&fccid=c98d11a1c5ef6cda&vjs=3
2022년 하반기 IT사업 경력/신입사원의 전체 세부 정보,GS네오텍,서울 구로구,https://kr.indeed.com/rc/clk?jk=82add8695bbbcb40&fccid=917c1871760632f2&vjs=3
geniA 프로젝트 기반 빅데이터 개발자 2기 양성과정 교육생의 전체 세부 정보,천재교육,서울,https://kr.indeed.com/rc/clk?jk=8dcbb68ef8e48beb&fccid=fb50993fc73b439f&vjs=3
교보자산신탁 우수인재 상시등록시스템(DB) 오픈의 전체 세부 정보,교보자산신탁,서울 강남구,https://kr.indeed.com/rc/clk?jk=12152450b918ae3c&fccid=132c2c1157acfc98&vjs=3
재단법인 한국통계정보원 [통계분야] 직원(신입)의 전체 세부 정보,재단법인 한국통계정보원,대전 서구,https://kr.indeed.com/rc/clk?jk=3f84bd33fe8a9b1c&fccid=2337ac4836ed776c&vjs=3
프론트/백엔드 서비스 개발자의 전체 세부 정보,스트리밍하우스,서울 성동구,https://kr.indeed.com/rc/clk?jk=b3b67c490fc80eef&fccid=f59c1249cce88ccf&vjs=3
[위메프서비스] 사내시스템(JAVA) 개발자의 전체 세부 정보,위메프,대한민국,https://kr.indeed.com/rc/clk?jk=9a546e1a18f56a83&fccid=2f8799a5ef214646&vjs=3
[주4.5일제] JAVA  웹프로그램 유지보수 개발자 인재의 전체 세부 정보,아이모션,서울 마포구,https://kr.indeed.com/rc/clk?jk=85c28b0f9b0c6ca3&fccid=666c34e118a5be0a&vjs=3
[ 이케이시스 ] JAVA 개발자의 전체 세부 정보,이케이시스,서울 강남구,https://kr.indeed.com/rc/clk?jk=63ef2a5264a66f4d&fccid=ff22a2d7f89c4b05&vjs=3
[NICE페이먼츠] 22년 신입/경력 상시의 전체 세부 정보,나이스페이먼츠,서울 마포구,https://kr.indeed.com/rc/clk?jk=a07969e108fd0445&fccid=6df96dee14918ee8&vjs=3
소프트웨어 개발 신입사원 ( 전환형 인턴)의 전체 세부 정보,안다미컴퍼니,서울 금천구,https://kr.indeed.com/rc/clk?jk=cc832024f97238cc&fccid=b9f31012ddb58baf&vjs=3
RNA Systems 웹개발자 인턴의 전체 세부 정보,RNAGroup,서울 종로구,https://kr.indeed.com/rc/clk?jk=853347a2d26d4d03&fccid=3af1178e35a7a9a9&vjs=3
자바개발자 신입/경력 정규직  계약직의 전체 세부 정보,투케이시스템,광주광역시,https://kr.indeed.com/rc/clk?jk=5fe8c67018ea327e&fccid=f71cc9636ba9cbd7&vjs=3
JSP  JAVA 웹 개발자 정규직 (신입/경력)의 전체 세부 정보,아이엔지웹,대전 동구,https://kr.indeed.com/rc/clk?jk=50adbb83b9244e59&fccid=a8fd1928efa8c199&vjs=3
[HL만도] 2022년 IT 기획/IT 인프라기획 경력의 전체 세부 정보,에이치엘만도,성남 분당구,https://kr.indeed.com/rc/clk?jk=60ffde1b3001f16f&fccid=d0b604b775903300&vjs=3
임베디드 기반 앱  펌웨어 개발자 (서울)의 전체 세부 정보,프리시젼바이오㈜,서울 서초구,https://kr.indeed.com/rc/clk?jk=7222946a5b2ad036&fccid=9cb2e00a46fd0c2e&vjs=3
Junior Data Scientist의 전체 세부 정보,Logistics Management Institute,서울,https://kr.indeed.com/rc/clk?jk=ffcab40699b79c6b&fccid=12626f295bf6a003&vjs=3
개발자 (연봉 4 000 ~ 5 000 협의)의 전체 세부 정보,볼트시뮬레이션,서울 서초구,https://kr.indeed.com/rc/clk?jk=e794cd412b9bd119&fccid=6661b32a113bc270&vjs=3
금융권 대기업 JAVA 개발자의 전체 세부 정보,솔로몬텍,서울 영등포구,https://kr.indeed.com/rc/clk?jk=89f9f218fc31b5f4&fccid=3e9157e1b4d20cbb&vjs=3
JAVA  JAVA 신입/경력 정규직의 전체 세부 정보,캐롯,서울 중구,https://kr.indeed.com/rc/clk?jk=d6d98e9cdcc88724&fccid=cceb427119f46745&vjs=3
아모레퍼시픽 프로젝트 신입/경력사원의 전체 세부 정보,위쉬정보기술,서울 구로구,https://kr.indeed.com/rc/clk?jk=cb4b16b1a5426ff9&fccid=d3ea592c2967fcc1&vjs=3
2022년 하반기 신입/경력 정규직의 전체 세부 정보,솔비트,서울 서초구,https://kr.indeed.com/rc/clk?jk=8bc722e9f7c7f3af&fccid=511e473f7a3cd34b&vjs=3
IT부문 신입/경력 직원 수시의 전체 세부 정보,한국전자금융,서울 마포구,https://kr.indeed.com/rc/clk?jk=2d4c8f25b750457c&fccid=05b9e3e68be655f0&vjs=3
JAVA 서버 개발의 전체 세부 정보,NHN PAYCO,성남 판교역,https://kr.indeed.com/rc/clk?jk=4ad91794ab7d80cf&fccid=a72ebaf825acf7af&vjs=3
채용연계형 인턴 Cloud Support Intern의 전체 세부 정보,Amazon Web Services Korea LLC,서울,https://kr.indeed.com/rc/clk?jk=8ac3fb20d2c898ad&fccid=fe2d21eef233e94a&vjs=3
백엔드 개발자 (유통 플랫폼 개발/Java)의 전체 세부 정보,마켓보로,성남 분당구,https://kr.indeed.com/rc/clk?jk=b7d54441d7dee6a4&fccid=de7331de4d8e83d2&vjs=3
스마트팩토리/MES/인프라[경력]의 전체 세부 정보,현대자동차그룹,서울 강남구,https://kr.indeed.com/rc/clk?jk=3b1fd1e7d2a42224&fccid=980d6ecc399a3373&vjs=3
한국필립모리스 2022년 상반기 수시의 전체 세부 정보,한국필립모리스㈜,서울 영등포구,https://kr.indeed.com/rc/clk?jk=44e9ac7f0f94e784&fccid=fb7e65f74b012d18&vjs=3
Machine Learning Engineer Intern - Korea의 전체 세부 정보,MOLOCO,서울,https://kr.indeed.com/rc/clk?jk=69d3cc2cca262747&fccid=27317bcae2b26fe5&vjs=3
[위메프서비스] 플랫폼 백엔드 개발자의 전체 세부 정보,위메프,대한민국,https://kr.indeed.com/rc/clk?jk=64b6da1cb874919d&fccid=2f8799a5ef214646&vjs=3
[SM]중급/JAVA/12개월/분당정자의 전체 세부 정보,원스링크,성남 분당구,https://kr.indeed.com/rc/clk?jk=168ea8c690f2a632&fccid=a552f4a0fadd5050&vjs=3
MES 수행 경력의 전체 세부 정보,한화시스템,대한민국,https://kr.indeed.com/rc/clk?jk=d4ac61c7908ef1fd&fccid=46ba4635611e86ea&vjs=3
[일자리도약장려금](주)이노시스컴퍼니 JAVA 신입/경력 개발자의 전체 세부 정보,이노시스 컴퍼니,서울 구로구,https://kr.indeed.com/rc/clk?jk=37a47526d508bd93&fccid=a798fc8210aff484&vjs=3
서울권 민간기업/공공기관 개발자 다수의 전체 세부 정보,케이엘큐브,경기도,https://kr.indeed.com/rc/clk?jk=c4e700768344937f&fccid=1580160168ed9d31&vjs=3
[인텔리전스랩스] 빌링 서비스 프론트/백엔드 개발자 (C#  Java)의 전체 세부 정보,Nexon,경기도 성남,https://kr.indeed.com/rc/clk?jk=14b99427e00dbad7&fccid=aba87288e4cc3687&vjs=3
데이터분석팀(FDS운영  JAVA개발  Hadoop Ecosystem 구축..의 전체 세부 정보,한국사이버결제,서울 구로구,https://kr.indeed.com/rc/clk?jk=511720c988de6473&fccid=dabc48b31f0fcc9c&vjs=3
JAVA 서버 개발자의 전체 세부 정보,실비모바일,서울 구로구,https://kr.indeed.com/rc/clk?jk=3e983b288fb17786&fccid=1cc5141cd6677717&vjs=3
[2023 전문연구요원] AI R&D-Language AI의 전체 세부 정보,엔씨소프트,성남 판교역,https://kr.indeed.com/rc/clk?jk=7da87f6985949b06&fccid=a1e4e21b1f33cf40&vjs=3
java개발자의 전체 세부 정보,루나소프트,서울 강남구,https://kr.indeed.com/rc/clk?jk=24d714a3431ec378&fccid=319cda223957dc0e&vjs=3
java백엔드 개발자의 전체 세부 정보,루나소프트,서울 강남구,https://kr.indeed.com/rc/clk?jk=04576f20dec813c9&fccid=319cda223957dc0e&vjs=3
웹 자바 개발자 정규직&프리랜서의 전체 세부 정보,위캔소프트,서울,https://kr.indeed.com/rc/clk?jk=abfa405054fb305a&fccid=20eff5ec45aca7fc&vjs=3
[판교 본사] MES의 전체 세부 정보,한국네트웍스,성남 분당구,https://kr.indeed.com/rc/clk?jk=32bd74f9d6e27a5f&fccid=26daf0d7c37a9f73&vjs=3
고정급근무 본사사옥근무자/사무직&해피콜&인바운드상담/100프로내근의 전체 세부 정보,휴인(HUUIN),경기도 의정부,https://kr.indeed.com/rc/clk?jk=31c49e9a5f0a47e4&fccid=b93e91bf85f42e03&vjs=3
JAVA Web 개발 및 운영의 전체 세부 정보,엔클랩,서울 영등포구,https://kr.indeed.com/rc/clk?jk=a7a8481868c89d06&fccid=2c3128606fb9f48f&vjs=3
Student Training in Engineering Program (STEP) 2022  People with Disabilities (장애인 채용)의 전체 세부 정보,Google,대한민국,https://kr.indeed.com/rc/clk?jk=f8fe6fe8d5e8f401&fccid=a5b4499d9e91a5c6&vjs=3
JAVA 공공기관 장기 개발업무-광화문의 전체 세부 정보,연우정보기술,서울 종로구,https://kr.indeed.com/rc/clk?jk=7120678e741bde53&fccid=0276df372806daf8&vjs=3
Java·JSP 분야 정규직 부문 신입 채용의 전체 세부 정보,(주)월드소프트 관심기업,서울 방배동,https://kr.indeed.com/rc/clk?jk=556c6a54cc24c8d0&fccid=d0ffe2217677759f&vjs=3
솔루션 개발/운영 담당 경력직의 전체 세부 정보,신한DS,서울 중구,https://kr.indeed.com/rc/clk?jk=c55a21d33c5b04a2&fccid=49f0de7146c2fc44&vjs=3
웹개발자 백엔드&서버개발(HTML·DHTML·mHTML  JAVA 외) 신입/경력 정규직의 전체 세부 정보,블록스퀘어서울,서울 서초구,https://kr.indeed.com/rc/clk?jk=1eeb4f006adf13ba&fccid=72348558bd9456ba&vjs=3
QT UI 개발자의 전체 세부 정보,드림에이스,서울,https://kr.indeed.com/rc/clk?jk=8ce34b6370f693d6&fccid=8ff46f0f52527109&vjs=3
연구소 웹프론트엔드 개발자의 전체 세부 정보,아토머스,서울 강남구,https://kr.indeed.com/rc/clk?jk=12a26aa669e3a26e&fccid=660bbb21789ab63d&vjs=3
한국행동과학연구소 전산직의 전체 세부 정보,한국행동과학연구소,서울 강남구,https://kr.indeed.com/rc/clk?jk=a4fd1b3afc25a790&fccid=bfea989faf5bd4e4&vjs=3
JAVA 개발자 (가산디진털단지부근)의 전체 세부 정보,수테크시스템즈,서울 금천구,https://kr.indeed.com/rc/clk?jk=8fa4b140f0c40099&fccid=2ded862f387a5eb0&vjs=3
웹프로그램(Java JSP) 개발자의 전체 세부 정보,비전브이아이텍,서울,https://kr.indeed.com/rc/clk?jk=d0dff2e4d489d9be&fccid=0827279914dfc7c0&vjs=3
[위메프서비스] 빅데이터 처리 및 분석 개발자의 전체 세부 정보,위메프,대한민국,https://kr.indeed.com/rc/clk?jk=4e3b4e13098d5aa1&fccid=2f8799a5ef214646&vjs=3
R&D 연구직 신입/경력/병역특례의 전체 세부 정보,코맥스,성남 중원구,https://kr.indeed.com/rc/clk?jk=8876fcf547899678&fccid=02b16deb8e87473d&vjs=3
연구개발 부문 프로젝트 수행[경력]의 전체 세부 정보,현대자동차그룹,서울 강남구,https://kr.indeed.com/rc/clk?jk=ad6c48660564a780&fccid=980d6ecc399a3373&vjs=3
Infra Engineering[책임매니저(G4)]의 전체 세부 정보,현대자동차그룹,서울 양재역,https://kr.indeed.com/rc/clk?jk=4fbc9e8cee784eb8&fccid=980d6ecc399a3373&vjs=3
(서울)경력직 웹개발자의 전체 세부 정보,심네트,서울 용산구,https://kr.indeed.com/rc/clk?jk=cb78c1e7bcbe6c1f&fccid=936d7f62c2f79f30&vjs=3
[한진정보통신] 클라우드 엔지니어의 전체 세부 정보,한진정보통신,서울 강서구,https://kr.indeed.com/rc/clk?jk=6260496d013d3cf4&fccid=3e60978863804d95&vjs=3
[NICE평가정보] IT기획/운영 경력직원의 전체 세부 정보,나이스평가정보,서울 영등포구,https://kr.indeed.com/rc/clk?jk=cd3117c2a7b10165&fccid=1eee1d17fecc4bbe&vjs=3
Fast Tracked Application - Fullstack Javascript Engineer ,Clevertech,Anywhere in the World,https://weworkremotely.com//remote-jobs/clevertech-fast-tracked-application-fullstack-javascript-engineer
Full stack Javascript Developer (React.js + Node.js),UpStack Technologies  Inc.,Latin America Only/Europe Only,https://weworkremotely.com//remote-jobs/upstack-technologies-inc-full-stack-javascript-developer-react-js-node-js
JavaScript Developer (React or Vue or Angular  with Node.js),RemoteMore,Americas Only/Europe Only,https://weworkremotely.com//remote-jobs/remotemore-javascript-developer-react-or-vue-or-angular-with-node-js-1
Backend Javascript / Node.js Developer - Remote/SaaS (m/f/d),SocialHub,Anywhere in the World,https://weworkremotely.com//remote-jobs/socialhub-backend-javascript-node-js-developer-remote-saas-m-f-d-2
Java Developer (Full-Stack),Simvoly,Anywhere in the World,https://weworkremotely.com//remote-jobs/simvoly-java-developer-full-stack-4
Remote Frontend Developer (JavaScript + React),Toggl,Europe Only,https://weworkremotely.com//remote-jobs/toggl-remote-frontend-developer-javascript-react-1
Fast Tracked Application - Frontend Javascript Engineer ,Clevertech,Anywhere in the World,https://weworkremotely.com//remote-jobs/clevertech-fast-tracked-application-frontend-javascript-engineer
FTP and SFTP Server Developer (Java),Files.com,USA Only,https://weworkremotely.com//remote-jobs/files-com-ftp-and-sftp-server-developer-java
Fast Tracked Application - Backend Javascript Engineer ,Clevertech,Anywhere in the World,https://weworkremotely.com//remote-jobs/clevertech-fast-tracked-application-backend-javascript-engineer
Senior Java Developer,Magnolia International Ltd.,Europe Only,https://weworkremotely.com//remote-jobs/magnolia-international-ltd-senior-java-developer
Senior Backend Developer (Java),Data Virtuality GmbH,Anywhere in the World,https://weworkremotely.com//remote-jobs/data-virtuality-gmbh-senior-backend-developer-java
Senior JavaScript Developer,Kinsta,Europe Only/Africa Only,https://weworkremotely.com//remote-jobs/kinsta-senior-javascript-developer
Lead / Senior Java QA Engineer,Vidalytics,Europe Only,https://weworkremotely.com//remote-jobs/vidalytics-lead-senior-java-qa-engineer
